<?xml version="1.0" encoding="UTF-8" ?>
<!DOCTYPE log4j:configuration SYSTEM "log4j.dtd">
<log4j:configuration xmlns:log4j="http://jakarta.apache.org/log4j/"
	debug="true">

	<appender name="user-info" class="org.apache.log4j.FileAppender">
		<param name="File" value="user-info.log" />
		<layout class="org.apache.log4j.PatternLayout">
			<param name="ConversionPattern" value="%d [%t] %m%n" />
		</layout>
		<filter class="org.apache.log4j.varia.LevelRangeFilter">
			<param name="LevelMax" value="info" />
			<param name="LevelMin" value="info" />
			<param name="AcceptOnMatch" value="true" />
		</filter>
	</appender>

	<appender name="admin-info" class="org.apache.log4j.FileAppender">
		<param name="Append" value="false" />
		<param name="File" value="admin-info.log" />
		<layout class="org.apache.log4j.PatternLayout">
			<param name="ConversionPattern" value="%d [%t] %m%n" />
		</layout>
		<filter class="org.apache.log4j.varia.LevelRangeFilter">
			<param name="LevelMax" value="fatal" />
			<param name="LevelMin" value="warn" />
			<param name="AcceptOnMatch" value="true" />
		</filter>
	</appender>

	<appender name="console" class="org.apache.log4j.ConsoleAppender">
		<param name="Target" value="System.out" />
		<layout class="org.apache.log4j.PatternLayout">
			<param name="ConversionPattern" value="%-5p %c{1} - %m%n" />
		</layout>
	</appender>

	<root>
		<level value="debug" />
		<appender-ref ref="user-info" />
		<appender-ref ref="admin-info" />
		<appender-ref ref="console" />
	</root>
	
</log4j:configuration>