<?xml version="1.0" encoding="UTF-8"?>
<beans xmlns="http://www.springframework.org/schema/beans"
	xmlns:xsi="http://www.w3.org/2001/XMLSchema-instance"
	xsi:schemaLocation="http://www.springframework.org/schema/beans http://www.springframework.org/schema/beans/spring-beans.xsd">

	<bean id="viewResolver"
		class="org.springframework.web.servlet.view.InternalResourceViewResolver">
		<property name="prefix">
			<value>/WEB-INF/jsp/</value>
		</property>
		<property name="suffix">
			<value>.jsp</value>
		</property>
	</bean>
	<!-- Chi chiama i controller in minuscolo, le view in Maiuscolo  -->
	<bean name="/login.htm" class="it.gruppogiallo.redirect.LoginRedirect" />
	<bean name="/postLogin.htm" class="it.gruppogiallo.login.LoginController" />
	<bean name="/logout.htm" class="it.gruppogiallo.logout.LogoutController" />
	<bean name="/viewAccounts.htm" class="it.gruppogiallo.visualizzalistaaccount.VisualizzaAccountController" />
	<bean name="/ListaAccount.htm" class="it.gruppogiallo.redirect.ListaAccounts" />
	<bean name="/creaAccountController.htm" class="it.gruppogiallo.creaaccount.CreaAccountController" />
	<bean name="/modificaAccount.htm" class="it.gruppogiallo.moificaaccount.ModificaAccountController" />
	<bean name="/visualizzaSingoloAccount.htm" class="it.gruppogiallo.visualizzasingoloaccount.VisualizzaSingoloAccountController" />
	<bean name="/caricaFunzionalita.htm" class="it.gruppogiallo.caricafunzionalita.CaricaFunzionalitaController" />
	<bean name="/CreaAccount.htm" class="it.gruppogiallo.redirect.CreaAccount" />
	<bean name="/CreaAccountForm.htm" class="it.gruppogiallo.redirect.CreaAccountForm" />
	<bean name="/cancellaAccountController.htm" class="it.gruppogiallo.cancellaaccount.CancellaAccountController" />
	
</beans>