<?xml version="1.0" encoding="UTF-8"?>
<beans xmlns="http://www.springframework.org/schema/beans"
	xmlns:xsi="http://www.w3.org/2001/XMLSchema-instance" xmlns:p="http://www.springframework.org/schema/p"
	xmlns:context="http://www.springframework.org/schema/context"
	xmlns:mvc="http://www.springframework.org/schema/mvc"
	xsi:schemaLocation="http://www.springframework.org/schema/beans 
                           http://www.springframework.org/schema/beans/spring-beans.xsd
                           http://www.springframework.org/schema/context 
                           http://www.springframework.org/schema/context/spring-context.xsd
                           http://www.springframework.org/schema/mvc
                           http://www.springframework.org/schema/mvc/spring-mvc.xsd">

	<context:component-scan base-package="org.springbyexample.web.servlet.mvc" />

	<bean id="viewResolver"
		class="org.springframework.web.servlet.view.InternalResourceViewResolver">
		<property name="prefix">
			<value>/WEB-INF/jsp/</value>
		</property>
		<property name="suffix">
			<value>.jsp</value>
		</property>
	</bean>
	
	<!-- Controllers -->
	<bean name="/postLogin.htm" class="it.gruppogiallo.login.LoginController" />
	<bean name="/logout.htm" class="it.gruppogiallo.logout.LogoutController" />
	<bean name="/viewAccounts.htm" class="it.gruppogiallo.visualizzalistaaccount.VisualizzaAccountController" />
	<bean name="/viewNotizie.htm" class="it.gruppogiallo.visualizzalistanotizie.VisualizzaNotizieController" />
	<bean name="/creaAccountController.htm" class="it.gruppogiallo.creaaccount.CreaAccountController" />
	<bean name="/creaNotizia.htm" class="it.gruppogiallo.creazionenotizia.CreaNotiziaController" />
	<bean name="/modificaAccount.htm" class="it.gruppogiallo.modificaaccount.ModificaAccountController" />
	<bean name="/visualizzaSingoloAccount.htm" class="it.gruppogiallo.visualizzasingoloaccount.VisualizzaSingoloAccountController" />
	<bean name="/visualizzaSingolaNotizia.htm" class="it.gruppogiallo.visualizzanotizia.VisualizzaNotiziaController" />
	<bean name="/caricaFunzionalita.htm" class="it.gruppogiallo.caricafunzionalita.CaricaFunzionalitaController" />
	<bean name="/cancellaAccountController.htm" class="it.gruppogiallo.cancellaaccount.CancellaAccountController" />
	<bean name="/cancellaNotiziaController.htm" class="it.gruppogiallo.cancellanotizia.CancellaNotiziaController" />
	<bean name="/modificaNotiziaController.htm" class="it.gruppogiallo.modificanotizia.ModificaNotiziaController" />	
	<bean name="/trasmettiNotiziaController.htm" class="it.gruppogiallo.trasmettinotizia.TrasmettiNotiziaController" />
	<bean name="/annullaModificaNotizia.htm" class="it.gruppogiallo.annullamodificanotizia.AnnullaModificaController" />
	<bean name="/registraNotizia.htm" class="it.gruppogiallo.registranotizia.RegistraNotiziaController" />
	<bean name="/visualizzaNotizia.htm" class="it.gruppogiallo.visualizzanotizia.VisualizzaNotiziaController" />
	<bean name="/sbloccaNotizieController.htm" class="it.gruppogiallo.sbloccanotizie.SbloccaNotizieController" /> 
	<!-- ////////  -->
	<!-- Redirects -->
	<bean name="/SbloccaNotizieForm.htm" class="it.gruppogiallo.redirect.SbloccaNotizieFormRedirect" />
	<bean name="/SbloccaNotizie.htm" class="it.gruppogiallo.redirect.SbloccaNotizieRedirect" /> 
	<bean name="/login.htm" class="it.gruppogiallo.redirect.LoginRedirect" />
	<bean name="/welcomePage.htm" class="it.gruppogiallo.redirect.WelcomeRedirect" />
	<bean name="/ListaAccount.htm" class="it.gruppogiallo.redirect.ListaAccounts" />
	<bean name="/CreaAccount.htm" class="it.gruppogiallo.redirect.CreaAccount" />
	<bean name="/CreazioneNotizia.htm" class="it.gruppogiallo.redirect.CreaNotizia" />
	<bean name="/CreaAccountForm.htm" class="it.gruppogiallo.redirect.CreaAccountForm" />
	<bean name="/CreaNotiziaForm.htm" class="it.gruppogiallo.redirect.CreaNotiziaForm" />
	<bean name="/ListaNotizia.htm" class="it.gruppogiallo.redirect.ListaNotizie"/>
	<bean name="/Contatti.htm" class="it.gruppogiallo.redirect.ContattiRedirect"/>
	<bean name="/AJRedirect.htm" class="it.gruppogiallo.redirect.AJ_Redirect"/>
	
	<!-- ////////  -->
	
	<bean id="messageSource"
		class="org.springframework.context.support.ResourceBundleMessageSource"
		p:basenames="resources/messages" />

	<!-- Declare the Interceptor -->
	<mvc:interceptors>
		<bean class="org.springframework.web.servlet.i18n.LocaleChangeInterceptor"
			p:paramName="language" />
	</mvc:interceptors>

	<!-- Declare the Resolver -->
	<bean id="localeResolver"
		class="org.springframework.web.servlet.i18n.SessionLocaleResolver" />


</beans>