<?xml version="1.0" encoding="UTF-8" ?>
<!DOCTYPE log4j:configuration SYSTEM "log4j.dtd">
<log4j:configuration xmlns:log4j="http://jakarta.apache.org/log4j/" debug="true">

	<appender name="user-info" class="org.apache.log4j.DailyRollingFileAppender">
		<param name="File" value="C:/theyellowdaily/logs/user-info" />
		<param name="DatePattern" value="'.'dd-MM-yyyy'.log'" />
		<layout class="org.apache.log4j.PatternLayout">
			<param name="ConversionPattern" value="%d [%t] %-5p %m%n" />
		</layout>
		<filter class="org.apache.log4j.varia.LevelRangeFilter">
			<param name="LevelMax" value="info" />
			<param name="LevelMin" value="info" />
			<param name="AcceptOnMatch" value="true" />
		</filter>
	</appender>

	<appender name="admin-info" class="org.apache.log4j.DailyRollingFileAppender">
		<param name="DatePattern" value="'.'dd-MM-yyyy'.log'" />
		<param name="File" value="C:/theyellowdaily/logs/admin-info" />
		<layout class="org.apache.log4j.PatternLayout">
			<param name="ConversionPattern" value="%d [%t] %-5p %m%n" />
		</layout>
		<filter class="org.apache.log4j.varia.LevelRangeFilter">
			<param name="LevelMax" value="fatal" />
			<param name="LevelMin" value="warn" />
			<param name="AcceptOnMatch" value="true" />
		</filter>
	</appender>
	
	<appender name="debug-info" class="org.apache.log4j.DailyRollingFileAppender">
		<param name="DatePattern" value="'.'dd-MM-yyyy'.log'" />
		<param name="File" value="C:/theyellowdaily/logs/debug-info" />
		<layout class="org.apache.log4j.PatternLayout">
			<param name="ConversionPattern" value="%d [%t] %-5p %m%n" />
		</layout>
		<filter class="org.apache.log4j.varia.LevelRangeFilter">
			<param name="LevelMax" value="debug" />
			<param name="LevelMin" value="debug" />
			<param name="AcceptOnMatch" value="true" />
		</filter>
	</appender>

	<appender name="console" class="org.apache.log4j.ConsoleAppender">
		<param name="Target" value="System.out" />
		<layout class="org.apache.log4j.PatternLayout">
			<param name="ConversionPattern" value="%-4r [%t] %-5p %c %x - %m%n" />
		</layout>
	</appender>

	<root>
		<level value="debug" />
		<appender-ref ref="debug-info" />
		<appender-ref ref="user-info" />
		<appender-ref ref="admin-info" />
		<appender-ref ref="console" />
	</root>
	<logger name="org.apache">
		<level value="off"/>
	</logger>
	<logger name="org.springframework">
		<level value="off"/>
	</logger>
	<logger name="httpclient.wire">
		<level value="off"/>
	</logger>
</log4j:configuration>